id;username;password;nickname;mobile;email;qq
1;Jewelery cutting-edge;Games;Iraq Bedfordshire;Concrete 24/7 Directives;Dagmar_Larson@gmail.com;robust Engineer
2;Exclusive Moroccan Dirham card;zero tolerance;mission-critical;Berkshire Small Plastic Pants Investor;Marilyne.Considine@gmail.com;Designer Persistent
3;Handmade 24/7 Re-contextualized;web-enabled invoice withdrawal;bypassing optical;installation;Maurice_Bauch32@gmail.com;red firewall open-source
4;deposit Sausages;disintermediate Cambridgeshire hacking;bricks-and-clicks Concrete Global;Fiji Dollar Profound Bacon;Kaylah.Larkin@hotmail.com;Executive
5;Customer Human deposit;even-keeled Saint Helena Pound;Internal AI optical;bypassing Marketing;Stanford_Ortiz@hotmail.com;transform
6;invoice Home Gloves;Buckinghamshire Ports;Devolved driver Networked;Fish;Lysanne_Roberts65@yahoo.com;Nevada
7;Berkshire;dedicated Persevering;Coordinator Cambridgeshire Investor;cross-platform Borders;Marcella.Kulas23@yahoo.com;Bedfordshire Alaska calculate
8;Chips;Villages uniform PCI;Automotive Tactics architectures;Wisconsin Facilitator Incredible;Gerda.Dicki31@gmail.com;Pants Maryland
9;calculating Intranet Ergonomic Concrete Soap;Director Concrete Bedfordshire;portal calculating Metal;real-time discrete redundant;Deshaun_Streich@hotmail.com;Avon
10;Auto Loan Account olive;Yen;Unbranded Fresh Pants Tools California;North Dakota Garden;Carlee.Littel83@yahoo.com;TCP Assimilated
