id;name;description;available;create_time;update_time
1;mobile Fish;Home Loan Account Table Computer;5808;2019-11-20T19:25:02;2019-11-20T09:39:04
2;Savings Account alarm;Tasty Metal Bacon;93855;2019-11-21T01:20:35;2019-11-21T06:25:14
3;Officer;methodology Albania;43194;2019-11-21T05:53:08;2019-11-20T23:26:59
4;Investment Account Steel;Coordinator;23277;2019-11-20T19:29:37;2019-11-21T04:15:53
5;Savings Account syndicate Planner;Refined Rubber Chicken Table;6505;2019-11-21T06:07:15;2019-11-20T07:39:58
6;Planner cross-platform access;Public-key;24102;2019-11-20T19:52:32;2019-11-20T14:02:28
7;Investment Account;Games Regional Digitized;66252;2019-11-20T12:18:38;2019-11-20T22:57:29
8;Costa Rica Mayotte;Industrial;84228;2019-11-20T11:50:10;2019-11-20T19:38:43
9;e-enable Communications capacitor;Awesome;19598;2019-11-20T17:56:21;2019-11-21T05:21:13
10;software scale interactive;Louisiana Specialist Home Loan Account;27599;2019-11-21T03:03:25;2019-11-20T23:19:43
